{
    "avg_iteration_time": 1.5276967477798462,
    "max_iteration_time": 3.8580901622772217,
    "min_iteration_time": 0.7279069423675537,
    "perf_metrics": [
        {
            "perf_metric_name": "avg_iteration_time",
            "perf_metric_type": "LATENCY",
            "perf_metric_value": 1.5276967477798462
        }
    ],
    "success": 1,
    "total_time": 152.76989150047302
}
