{
    "1_1_actor_calls_async": [
        8608.086291244486,
        112.75304614743341
    ],
    "1_1_actor_calls_concurrent": [
        5391.086460019076,
        228.63235645103933
    ],
    "1_1_actor_calls_sync": [
        2057.0813445460276,
        8.26332862664823
    ],
    "1_1_async_actor_calls_async": [
        3143.7379918288543,
        94.4550534535287
    ],
    "1_1_async_actor_calls_sync": [
        1343.3037348877733,
        27.739069921263823
    ],
    "1_1_async_actor_calls_with_args_async": [
        2274.7477474256493,
        65.6516269633366
    ],
    "1_n_actor_calls_async": [
        9077.808577275026,
        143.60592127596516
    ],
    "1_n_async_actor_calls_async": [
        7661.909378150241,
        72.79772186668335
    ],
    "client__1_1_actor_calls_async": [
        966.3144322836584,
        18.566127091475725
    ],
    "client__1_1_actor_calls_concurrent": [
        950.1335042723408,
        16.933912537601582
    ],
    "client__1_1_actor_calls_sync": [
        476.2723228251017,
        5.759074969355782
    ],
    "client__get_calls": [
        1109.0977341954572,
        63.46969167593954
    ],
    "client__put_calls": [
        818.800697659173,
        36.853630162439295
    ],
    "client__put_gigabytes": [
        0.12631377004406733,
        0.0011157198273858988
    ],
    "client__tasks_and_get_batch": [
        0.9034394705335201,
        0.012992258955485737
    ],
    "client__tasks_and_put_batch": [
        11109.754184259291,
        36.2826858874574
    ],
    "multi_client_put_calls_Plasma_Store": [
        11996.04123302301,
        283.04802118932633
    ],
    "multi_client_put_gigabytes": [
        36.90251501297509,
        4.236644261508637
    ],
    "multi_client_tasks_async": [
        23035.403689442406,
        1756.9332741886888
    ],
    "n_n_actor_calls_async": [
        26895.82104408661,
        1040.3152023965633
    ],
    "n_n_actor_calls_with_arg_async": [
        2778.718610031134,
        26.309560126400992
    ],
    "n_n_async_actor_calls_async": [
        23259.32864595701,
        793.6865903199799
    ],
    "perf_metrics": [
        {
            "perf_metric_name": "single_client_get_calls_Plasma_Store",
            "perf_metric_type": "THROUGHPUT",
            "perf_metric_value": 10359.83628741912
        },
        {
            "perf_metric_name": "single_client_put_calls_Plasma_Store",
            "perf_metric_type": "THROUGHPUT",
            "perf_metric_value": 5330.32367614063
        },
        {
            "perf_metric_name": "multi_client_put_calls_Plasma_Store",
            "perf_metric_type": "THROUGHPUT",
            "perf_metric_value": 11996.04123302301
        },
        {
            "perf_metric_name": "single_client_put_gigabytes",
            "perf_metric_type": "THROUGHPUT",
            "perf_metric_value": 20.122493748620226
        },
        {
            "perf_metric_name": "single_client_tasks_and_get_batch",
            "perf_metric_type": "THROUGHPUT",
            "perf_metric_value": 8.115198964643927
        },
        {
            "perf_metric_name": "multi_client_put_gigabytes",
            "perf_metric_type": "THROUGHPUT",
            "perf_metric_value": 36.90251501297509
        },
        {
            "perf_metric_name": "single_client_get_object_containing_10k_refs",
            "perf_metric_type": "THROUGHPUT",
            "perf_metric_value": 13.346570023758787
        },
        {
            "perf_metric_name": "single_client_wait_1k_refs",
            "perf_metric_type": "THROUGHPUT",
            "perf_metric_value": 5.524753118206301
        },
        {
            "perf_metric_name": "single_client_tasks_sync",
            "perf_metric_type": "THROUGHPUT",
            "perf_metric_value": 1001.8533763899128
        },
        {
            "perf_metric_name": "single_client_tasks_async",
            "perf_metric_type": "THROUGHPUT",
            "perf_metric_value": 8191.025465088143
        },
        {
            "perf_metric_name": "multi_client_tasks_async",
            "perf_metric_type": "THROUGHPUT",
            "perf_metric_value": 23035.403689442406
        },
        {
            "perf_metric_name": "1_1_actor_calls_sync",
            "perf_metric_type": "THROUGHPUT",
            "perf_metric_value": 2057.0813445460276
        },
        {
            "perf_metric_name": "1_1_actor_calls_async",
            "perf_metric_type": "THROUGHPUT",
            "perf_metric_value": 8608.086291244486
        },
        {
            "perf_metric_name": "1_1_actor_calls_concurrent",
            "perf_metric_type": "THROUGHPUT",
            "perf_metric_value": 5391.086460019076
        },
        {
            "perf_metric_name": "1_n_actor_calls_async",
            "perf_metric_type": "THROUGHPUT",
            "perf_metric_value": 9077.808577275026
        },
        {
            "perf_metric_name": "n_n_actor_calls_async",
            "perf_metric_type": "THROUGHPUT",
            "perf_metric_value": 26895.82104408661
        },
        {
            "perf_metric_name": "n_n_actor_calls_with_arg_async",
            "perf_metric_type": "THROUGHPUT",
            "perf_metric_value": 2778.718610031134
        },
        {
            "perf_metric_name": "1_1_async_actor_calls_sync",
            "perf_metric_type": "THROUGHPUT",
            "perf_metric_value": 1343.3037348877733
        },
        {
            "perf_metric_name": "1_1_async_actor_calls_async",
            "perf_metric_type": "THROUGHPUT",
            "perf_metric_value": 3143.7379918288543
        },
        {
            "perf_metric_name": "1_1_async_actor_calls_with_args_async",
            "perf_metric_type": "THROUGHPUT",
            "perf_metric_value": 2274.7477474256493
        },
        {
            "perf_metric_name": "1_n_async_actor_calls_async",
            "perf_metric_type": "THROUGHPUT",
            "perf_metric_value": 7661.909378150241
        },
        {
            "perf_metric_name": "n_n_async_actor_calls_async",
            "perf_metric_type": "THROUGHPUT",
            "perf_metric_value": 23259.32864595701
        },
        {
            "perf_metric_name": "placement_group_create/removal",
            "perf_metric_type": "THROUGHPUT",
            "perf_metric_value": 811.3479855531561
        },
        {
            "perf_metric_name": "client__get_calls",
            "perf_metric_type": "THROUGHPUT",
            "perf_metric_value": 1109.0977341954572
        },
        {
            "perf_metric_name": "client__put_calls",
            "perf_metric_type": "THROUGHPUT",
            "perf_metric_value": 818.800697659173
        },
        {
            "perf_metric_name": "client__put_gigabytes",
            "perf_metric_type": "THROUGHPUT",
            "perf_metric_value": 0.12631377004406733
        },
        {
            "perf_metric_name": "client__tasks_and_put_batch",
            "perf_metric_type": "THROUGHPUT",
            "perf_metric_value": 11109.754184259291
        },
        {
            "perf_metric_name": "client__1_1_actor_calls_sync",
            "perf_metric_type": "THROUGHPUT",
            "perf_metric_value": 476.2723228251017
        },
        {
            "perf_metric_name": "client__1_1_actor_calls_async",
            "perf_metric_type": "THROUGHPUT",
            "perf_metric_value": 966.3144322836584
        },
        {
            "perf_metric_name": "client__1_1_actor_calls_concurrent",
            "perf_metric_type": "THROUGHPUT",
            "perf_metric_value": 950.1335042723408
        },
        {
            "perf_metric_name": "client__tasks_and_get_batch",
            "perf_metric_type": "THROUGHPUT",
            "perf_metric_value": 0.9034394705335201
        }
    ],
    "placement_group_create/removal": [
        811.3479855531561,
        17.596925693092366
    ],